{
    "rmse": 0.7807342894199018,
    "mae": 0.6360144616007258,
    "r2": 0.06726768868001187
}